store_id,month,monthly_revenue_usd,monthly_customer_visits,avg_ticket_usd,renovated_store,renovation_month,post_renovation_period
S001,2025-01,25087,2894,8.11,False,,False
S001,2025-02,25341,2962,8.06,False,,False
S001,2025-03,25589,2968,8.2,False,,False
S001,2025-04,25088,2929,8.15,False,,False
S001,2025-05,25442,2910,8.1,False,,False
S001,2025-06,25523,2892,8.12,False,,False
S001,2025-07,24879,2849,8.16,False,,False
S001,2025-08,24462,2860,8.17,False,,False
S001,2025-09,23790,2816,8.11,False,,False
S001,2025-10,24663,2811,8.13,False,,False
S001,2025-11,24302,2824,8.09,False,,False
S001,2025-12,24756,2839,8.11,False,,False
S001,2026-01,24920,2868,8.21,False,,False
S001,2026-02,24993,2913,8.16,False,,False
S001,2026-03,25704,2924,8.08,False,,False
S001,2026-04,25168,2929,8.09,False,,False
S001,2026-05,25141,2903,8.11,False,,False
S001,2026-06,24397,2878,8.14,False,,False
S002,2025-01,17382,2505,6.77,False,,False
S002,2025-02,17727,2497,6.82,False,,False
S002,2025-03,17520,2522,6.82,False,,False
S002,2025-04,17627,2533,6.75,False,,False
S002,2025-05,17346,2488,6.74,False,,False
S002,2025-06,17033,2459,6.77,False,,False
S002,2025-07,16952,2409,6.73,False,,False
S002,2025-08,16769,2412,6.76,False,,False
S002,2025-09,16646,2413,6.74,False,,False
S002,2025-10,16678,2408,6.77,False,,False
S002,2025-11,17003,2421,6.76,False,,False
S002,2025-12,17008,2430,6.78,False,,False
S002,2026-01,17279,2486,6.77,False,,False
S002,2026-02,17462,2512,6.75,False,,False
S002,2026-03,17484,2511,6.76,False,,False
S002,2026-04,17432,2505,6.78,False,,False
S002,2026-05,17465,2479,6.77,False,,False
S002,2026-06,17152,2461,6.77,False,,False
S003,2025-01,30548,3248,9.16,True,2026-03,False
S003,2025-02,30475,3302,9.23,True,2026-03,False
S003,2025-03,30434,3263,9.17,True,2026-03,False
S003,2025-04,29806,3199,9.17,True,2026-03,False
S003,2025-05,29755,3240,9.16,True,2026-03,False
S003,2025-06,28768,3139,9.21,True,2026-03,False
S003,2025-07,29287,3073,9.21,True,2026-03,False
S003,2025-08,29030,3136,9.06,True,2026-03,False
S003,2025-09,28754,3108,9.14,True,2026-03,False
S003,2025-10,29688,3155,9.09,True,2026-03,False
S003,2025-11,29904,3188,9.15,True,2026-03,False
S003,2025-12,29971,3250,9.09,True,2026-03,False
S003,2026-01,30768,3253,9.15,True,2026-03,False
S003,2026-02,30394,3271,9.16,True,2026-03,False
S003,2026-03,32645,3419,9.35,True,2026-03,True
S003,2026-04,32331,3411,9.4,True,2026-03,True
S003,2026-05,31943,3336,9.41,True,2026-03,True
S003,2026-06,31647,3296,9.42,True,2026-03,True
S004,2025-01,22906,3844,5.77,False,,False
S004,2025-02,22994,3775,5.73,False,,False
S004,2025-03,22857,3764,5.78,False,,False
S004,2025-04,22365,3694,5.76,False,,False
S004,2025-05,22160,3629,5.74,False,,False
S004,2025-06,22026,3641,5.71,False,,False
S004,2025-07,22103,3621,5.71,False,,False
S004,2025-08,21972,3596,5.76,False,,False
S004,2025-09,22141,3650,5.72,False,,False
S004,2025-10,22541,3698,5.7,False,,False
S004,2025-11,22881,3763,5.72,False,,False
S004,2025-12,23508,3817,5.74,False,,False
S004,2026-01,23041,3810,5.73,False,,False
S004,2026-02,23500,3812,5.76,False,,False
S004,2026-03,23098,3737,5.76,False,,False
S004,2026-04,22492,3718,5.74,False,,False
S004,2026-05,22371,3629,5.74,False,,False
S004,2026-06,21915,3643,5.76,False,,False
S005,2025-01,26851,2763,9.89,False,,False
S005,2025-02,26493,2799,9.8,False,,False
S005,2025-03,27404,2820,9.85,False,,False
S005,2025-04,27383,2849,9.84,False,,False
S005,2025-05,27390,2835,9.86,False,,False
S005,2025-06,27404,2829,9.88,False,,False
S005,2025-07,26779,2788,9.91,False,,False
S005,2025-08,26740,2741,9.86,False,,False
S005,2025-09,26069,2718,9.76,False,,False
S005,2025-10,26186,2709,9.84,False,,False
S005,2025-11,26598,2730,9.86,False,,False
S005,2025-12,26244,2723,9.92,False,,False
S005,2026-01,26805,2821,9.93,False,,False
S005,2026-02,27163,2817,9.84,False,,False
S005,2026-03,27623,2832,9.87,False,,False
S005,2026-04,27947,2860,9.82,False,,False
S005,2026-05,27873,2862,9.85,False,,False
S005,2026-06,27587,2832,9.91,False,,False
S006,2025-01,34123,3644,8.87,True,2026-03,False
S006,2025-02,34675,3714,8.84,True,2026-03,False
S006,2025-03,34885,3702,8.87,True,2026-03,False
S006,2025-04,34567,3722,8.92,True,2026-03,False
S006,2025-05,34311,3655,8.88,True,2026-03,False
S006,2025-06,34090,3597,8.85,True,2026-03,False
S006,2025-07,33640,3569,8.86,True,2026-03,False
S006,2025-08,33763,3544,8.88,True,2026-03,False
S006,2025-09,33694,3530,8.87,True,2026-03,False
S006,2025-10,33233,3539,8.92,True,2026-03,False
S006,2025-11,34322,3605,8.92,True,2026-03,False
S006,2025-12,34365,3661,8.89,True,2026-03,False
S006,2026-01,35155,3679,8.92,True,2026-03,False
S006,2026-02,35587,3761,8.92,True,2026-03,False
S006,2026-03,38422,3943,9.17,True,2026-03,True
S006,2026-04,38538,3916,9.16,True,2026-03,True
S006,2026-05,38404,3924,9.12,True,2026-03,True
S006,2026-06,37668,3844,9.19,True,2026-03,True
S007,2025-01,31261,3412,9.68,False,,False
S007,2025-02,31370,3406,9.69,False,,False
S007,2025-03,31386,3407,9.71,False,,False
S007,2025-04,31011,3375,9.76,False,,False
S007,2025-05,30552,3403,9.7,False,,False
S007,2025-06,30307,3307,9.79,False,,False
S007,2025-07,30018,3307,9.78,False,,False
S007,2025-08,29703,3278,9.75,False,,False
S007,2025-09,30106,3308,9.73,False,,False
S007,2025-10,30420,3343,9.77,False,,False
S007,2025-11,31283,3384,9.84,False,,False
S007,2025-12,31743,3440,9.76,False,,False
S007,2026-01,31971,3489,9.8,False,,False
S007,2026-02,31775,3507,9.91,False,,False
S007,2026-03,32008,3503,9.79,False,,False
S007,2026-04,32569,3420,9.82,False,,False
S007,2026-05,31999,3440,9.83,False,,False
S007,2026-06,31865,3396,9.85,False,,False
S008,2025-01,32445,3110,9.92,False,,False
S008,2025-02,32981,3124,9.93,False,,False
S008,2025-03,32057,3106,9.88,False,,False
S008,2025-04,31858,3052,10.06,False,,False
S008,2025-05,31689,3017,9.98,False,,False
S008,2025-06,31265,3033,9.89,False,,False
S008,2025-07,31371,2992,10.03,False,,False
S008,2025-08,31335,3055,10.02,False,,False
S008,2025-09,32464,3059,10.01,False,,False
S008,2025-10,32371,3106,10.05,False,,False
S008,2025-11,32880,3168,9.95,False,,False
S008,2025-12,33051,3173,9.98,False,,False
S008,2026-01,33742,3224,9.96,False,,False
S008,2026-02,33573,3241,10.0,False,,False
S008,2026-03,33507,3189,10.08,False,,False
S008,2026-04,33157,3153,10.06,False,,False
S008,2026-05,33398,3127,10.05,False,,False
S008,2026-06,32728,3141,10.13,False,,False
S009,2025-01,15106,3083,5.14,False,,False
S009,2025-02,15346,3151,5.15,False,,False
S009,2025-03,15429,3160,5.12,False,,False
S009,2025-04,15688,3125,5.17,False,,False
S009,2025-05,15510,3157,5.12,False,,False
S009,2025-06,15546,3158,5.19,False,,False
S009,2025-07,15304,3132,5.16,False,,False
S009,2025-08,15020,3097,5.17,False,,False
S009,2025-09,15086,3062,5.2,False,,False
S009,2025-10,15163,3094,5.18,False,,False
S009,2025-11,15402,3078,5.17,False,,False
S009,2025-12,15505,3159,5.18,False,,False
S009,2026-01,15863,3153,5.19,False,,False
S009,2026-02,16081,3206,5.18,False,,False
S009,2026-03,16154,3242,5.24,False,,False
S009,2026-04,16689,3288,5.2,False,,False
S009,2026-05,16384,3273,5.23,False,,False
S009,2026-06,16252,3244,5.21,False,,False
S010,2025-01,20152,3421,5.74,False,,False
S010,2025-02,20114,3470,5.76,False,,False
S010,2025-03,20694,3467,5.74,False,,False
S010,2025-04,20282,3444,5.73,False,,False
S010,2025-05,20101,3434,5.69,False,,False
S010,2025-06,19684,3380,5.72,False,,False
S010,2025-07,19399,3340,5.69,False,,False
S010,2025-08,19472,3287,5.72,False,,False
S010,2025-09,19313,3316,5.72,False,,False
S010,2025-10,19211,3300,5.7,False,,False
S010,2025-11,19297,3360,5.74,False,,False
S010,2025-12,19783,3341,5.71,False,,False
S010,2026-01,19870,3394,5.66,False,,False
S010,2026-02,20129,3420,5.72,False,,False
S010,2026-03,20161,3434,5.68,False,,False
S010,2026-04,19887,3430,5.7,False,,False
S010,2026-05,19819,3390,5.7,False,,False
S010,2026-06,19387,3367,5.71,False,,False
S011,2025-01,35887,3692,9.14,False,,False
S011,2025-02,35512,3690,9.09,False,,False
S011,2025-03,35784,3718,9.12,False,,False
S011,2025-04,35728,3666,9.15,False,,False
S011,2025-05,34667,3627,9.08,False,,False
S011,2025-06,34204,3570,9.1,False,,False
S011,2025-07,34210,3544,9.1,False,,False
S011,2025-08,33608,3509,9.07,False,,False
S011,2025-09,33680,3568,9.12,False,,False
S011,2025-10,34959,3627,9.12,False,,False
S011,2025-11,34521,3597,9.15,False,,False
S011,2025-12,35288,3663,9.06,False,,False
S011,2026-01,35744,3710,9.08,False,,False
S011,2026-02,36323,3713,9.08,False,,False
S011,2026-03,34735,3706,9.08,False,,False
S011,2026-04,35054,3659,9.09,False,,False
S011,2026-05,34259,3602,9.15,False,,False
S011,2026-06,33657,3549,9.11,False,,False
S012,2025-01,24475,2995,8.42,False,,False
S012,2025-02,24149,3011,8.5,False,,False
S012,2025-03,23786,2961,8.49,False,,False
S012,2025-04,23496,2912,8.5,False,,False
S012,2025-05,23276,2878,8.5,False,,False
S012,2025-06,23090,2883,8.5,False,,False
S012,2025-07,23130,2857,8.49,False,,False
S012,2025-08,23243,2865,8.46,False,,False
S012,2025-09,23408,2905,8.48,False,,False
S012,2025-10,23714,2905,8.44,False,,False
S012,2025-11,24100,2978,8.5,False,,False
S012,2025-12,24371,2998,8.48,False,,False
S012,2026-01,24284,2959,8.44,False,,False
S012,2026-02,24409,2974,8.52,False,,False
S012,2026-03,23862,2948,8.53,False,,False
S012,2026-04,23743,2886,8.49,False,,False
S012,2026-05,23371,2886,8.49,False,,False
S012,2026-06,22969,2851,8.47,False,,False
S013,2025-01,23439,2796,8.37,False,,False
S013,2025-02,23947,2806,8.39,False,,False
S013,2025-03,23683,2857,8.43,False,,False
S013,2025-04,23820,2857,8.35,False,,False
S013,2025-05,23782,2800,8.28,False,,False
S013,2025-06,23909,2806,8.41,False,,False
S013,2025-07,23319,2798,8.39,False,,False
S013,2025-08,22880,2775,8.36,False,,False
S013,2025-09,22851,2745,8.39,False,,False
S013,2025-10,22761,2710,8.43,False,,False
S013,2025-11,22587,2758,8.41,False,,False
S013,2025-12,23051,2741,8.46,False,,False
S013,2026-01,23879,2790,8.38,False,,False
S013,2026-02,23784,2824,8.4,False,,False
S013,2026-03,24095,2874,8.38,False,,False
S013,2026-04,23735,2861,8.4,False,,False
S013,2026-05,23928,2856,8.42,False,,False
S013,2026-06,23861,2811,8.45,False,,False
S014,2025-01,27340,3258,8.83,False,,False
S014,2025-02,27752,3337,8.85,False,,False
S014,2025-03,28227,3348,8.87,False,,False
S014,2025-04,27920,3316,8.91,False,,False
S014,2025-05,27636,3281,8.86,False,,False
S014,2025-06,27581,3189,8.82,False,,False
S014,2025-07,27284,3189,8.85,False,,False
S014,2025-08,26835,3204,8.86,False,,False
S014,2025-09,26949,3199,8.85,False,,False
S014,2025-10,27329,3181,8.85,False,,False
S014,2025-11,27657,3193,8.86,False,,False
S014,2025-12,27818,3252,8.84,False,,False
S014,2026-01,28314,3315,8.91,False,,False
S014,2026-02,28808,3336,8.93,False,,False
S014,2026-03,28735,3361,8.87,False,,False
S014,2026-04,28098,3322,8.81,False,,False
S014,2026-05,28016,3307,8.84,False,,False
S014,2026-06,28215,3270,8.91,False,,False
S015,2025-01,36063,3860,8.78,True,2026-03,False
S015,2025-02,35674,3867,8.67,True,2026-03,False
S015,2025-03,35901,3880,8.74,True,2026-03,False
S015,2025-04,35687,3862,8.7,True,2026-03,False
S015,2025-05,35374,3819,8.77,True,2026-03,False
S015,2025-06,34851,3751,8.77,True,2026-03,False
S015,2025-07,34540,3701,8.71,True,2026-03,False
S015,2025-08,34572,3727,8.73,True,2026-03,False
S015,2025-09,34745,3730,8.74,True,2026-03,False
S015,2025-10,34928,3779,8.78,True,2026-03,False
S015,2025-11,35513,3819,8.77,True,2026-03,False
S015,2025-12,36225,3905,8.79,True,2026-03,False
S015,2026-01,36784,3904,8.78,True,2026-03,False
S015,2026-02,36807,3933,8.71,True,2026-03,False
S015,2026-03,40005,4165,9.01,True,2026-03,True
S015,2026-04,39308,4078,9.02,True,2026-03,True
S015,2026-05,39055,4071,9.06,True,2026-03,True
S015,2026-06,38678,4039,9.04,True,2026-03,True
S016,2025-01,27782,3077,9.22,False,,False
S016,2025-02,27780,3062,9.21,False,,False
S016,2025-03,27735,3017,9.27,False,,False
S016,2025-04,27177,2953,9.22,False,,False
S016,2025-05,26664,2962,9.27,False,,False
S016,2025-06,26880,2933,9.26,False,,False
S016,2025-07,26991,2926,9.29,False,,False
S016,2025-08,27045,2963,9.26,False,,False
S016,2025-09,27483,3001,9.23,False,,False
S016,2025-10,27997,3005,9.28,False,,False
S016,2025-11,28038,3085,9.24,False,,False
S016,2025-12,28685,3103,9.31,False,,False
S016,2026-01,29211,3101,9.34,False,,False
S016,2026-02,28460,3124,9.36,False,,False
S016,2026-03,28969,3096,9.33,False,,False
S016,2026-04,28163,3051,9.34,False,,False
S016,2026-05,27603,2984,9.46,False,,False
S016,2026-06,27927,2983,9.39,False,,False
S017,2025-01,13956,2003,7.14,False,,False
S017,2025-02,14457,2061,7.1,False,,False
S017,2025-03,14517,2058,7.06,False,,False
S017,2025-04,14439,2095,7.06,False,,False
S017,2025-05,14919,2095,7.13,False,,False
S017,2025-06,14683,2073,7.09,False,,False
S017,2025-07,14312,2067,7.09,False,,False
S017,2025-08,14312,2044,7.07,False,,False
S017,2025-09,14423,2026,7.12,False,,False
S017,2025-10,14436,2012,7.15,False,,False
S017,2025-11,14259,2029,7.17,False,,False
S017,2025-12,14489,2052,7.13,False,,False
S017,2026-01,14942,2082,7.11,False,,False
S017,2026-02,15095,2114,7.17,False,,False
S017,2026-03,15071,2115,7.12,False,,False
S017,2026-04,15403,2144,7.2,False,,False
S017,2026-05,15427,2143,7.21,False,,False
S017,2026-06,14996,2130,7.17,False,,False
S018,2025-01,20773,3602,5.29,True,2026-03,False
S018,2025-02,21183,3637,5.31,True,2026-03,False
S018,2025-03,21214,3612,5.27,True,2026-03,False
S018,2025-04,21146,3674,5.32,True,2026-03,False
S018,2025-05,21183,3630,5.32,True,2026-03,False
S018,2025-06,20878,3599,5.32,True,2026-03,False
S018,2025-07,21055,3538,5.33,True,2026-03,False
S018,2025-08,20863,3544,5.34,True,2026-03,False
S018,2025-09,20636,3542,5.38,True,2026-03,False
S018,2025-10,20687,3544,5.37,True,2026-03,False
S018,2025-11,21011,3633,5.38,True,2026-03,False
S018,2025-12,21425,3648,5.31,True,2026-03,False
S018,2026-01,21736,3699,5.36,True,2026-03,False
S018,2026-02,21769,3705,5.37,True,2026-03,False
S018,2026-03,23931,3993,5.48,True,2026-03,True
S018,2026-04,23833,4007,5.51,True,2026-03,True
S018,2026-05,24067,3895,5.55,True,2026-03,True
S018,2026-06,23765,3927,5.51,True,2026-03,True
S019,2025-01,23291,2882,7.91,False,,False
S019,2025-02,23511,2941,8.0,False,,False
S019,2025-03,23427,2896,7.95,False,,False
S019,2025-04,23130,2914,7.98,False,,False
S019,2025-05,23049,2853,7.96,False,,False
S019,2025-06,22401,2809,7.96,False,,False
S019,2025-07,22045,2777,7.94,False,,False
S019,2025-08,21684,2780,8.01,False,,False
S019,2025-09,21836,2779,7.98,False,,False
S019,2025-10,22240,2792,7.96,False,,False
S019,2025-11,22416,2852,7.91,False,,False
S019,2025-12,22714,2875,7.89,False,,False
S019,2026-01,22837,2878,7.89,False,,False
S019,2026-02,23234,2908,7.91,False,,False
S019,2026-03,23098,2914,7.91,False,,False
S019,2026-04,22325,2847,7.91,False,,False
S019,2026-05,22469,2835,7.85,False,,False
S019,2026-06,22042,2788,7.93,False,,False
S020,2025-01,32526,4218,7.69,False,,False
S020,2025-02,32666,4177,7.72,False,,False
S020,2025-03,32679,4135,7.72,False,,False
S020,2025-04,31692,4114,7.69,False,,False
S020,2025-05,31510,4024,7.68,False,,False
S020,2025-06,31265,4054,7.7,False,,False
S020,2025-07,31035,4012,7.65,False,,False
S020,2025-08,31276,3986,7.72,False,,False
S020,2025-09,31681,3986,7.66,False,,False
S020,2025-10,31226,4094,7.69,False,,False
S020,2025-11,32105,4178,7.69,False,,False
S020,2025-12,32403,4166,7.68,False,,False
S020,2026-01,32265,4159,7.72,False,,False
S020,2026-02,32535,4131,7.7,False,,False
S020,2026-03,31799,4123,7.64,False,,False
S020,2026-04,31765,4073,7.68,False,,False
S020,2026-05,31470,4026,7.66,False,,False
S020,2026-06,31009,3983,7.71,False,,False
S021,2025-01,19346,2951,6.46,False,,False
S021,2025-02,19691,2983,6.49,False,,False
S021,2025-03,19677,2982,6.46,False,,False
S021,2025-04,19676,3008,6.54,False,,False
S021,2025-05,19684,2983,6.5,False,,False
S021,2025-06,19476,2951,6.52,False,,False
S021,2025-07,19146,2928,6.49,False,,False
S021,2025-08,19018,2905,6.46,False,,False
S021,2025-09,18830,2853,6.53,False,,False
S021,2025-10,19028,2858,6.5,False,,False
S021,2025-11,18585,2848,6.47,False,,False
S021,2025-12,19126,2881,6.54,False,,False
S021,2026-01,19260,2929,6.48,False,,False
S021,2026-02,19729,2975,6.52,False,,False
S021,2026-03,19545,2998,6.44,False,,False
S021,2026-04,19575,2998,6.52,False,,False
S021,2026-05,19732,2984,6.51,False,,False
S021,2026-06,19634,2953,6.47,False,,False
S022,2025-01,30522,3294,9.17,False,,False
S022,2025-02,30471,3303,9.22,False,,False
S022,2025-03,31075,3316,9.23,False,,False
S022,2025-04,30284,3309,9.25,False,,False
S022,2025-05,30284,3293,9.28,False,,False
S022,2025-06,29791,3265,9.27,False,,False
S022,2025-07,29555,3193,9.21,False,,False
S022,2025-08,29055,3141,9.22,False,,False
S022,2025-09,29748,3165,9.24,False,,False
S022,2025-10,29481,3187,9.26,False,,False
S022,2025-11,29678,3225,9.28,False,,False
S022,2025-12,30079,3274,9.2,False,,False
S022,2026-01,30302,3265,9.24,False,,False
S022,2026-02,30953,3328,9.22,False,,False
S022,2026-03,30898,3305,9.27,False,,False
S022,2026-04,30762,3292,9.3,False,,False
S022,2026-05,30843,3282,9.2,False,,False
S022,2026-06,30485,3275,9.24,False,,False
S023,2025-01,16798,2044,7.4,True,2026-03,False
S023,2025-02,16833,2061,7.41,True,2026-03,False
S023,2025-03,16660,2057,7.42,True,2026-03,False
S023,2025-04,16420,2031,7.4,True,2026-03,False
S023,2025-05,16359,2010,7.39,True,2026-03,False
S023,2025-06,16417,1976,7.43,True,2026-03,False
S023,2025-07,16207,1981,7.43,True,2026-03,False
S023,2025-08,15926,1962,7.42,True,2026-03,False
S023,2025-09,16364,1986,7.44,True,2026-03,False
S023,2025-10,16348,1983,7.46,True,2026-03,False
S023,2025-11,16489,2011,7.43,True,2026-03,False
S023,2025-12,16838,2062,7.42,True,2026-03,False
S023,2026-01,17083,2085,7.51,True,2026-03,False
S023,2026-02,16994,2075,7.42,True,2026-03,False
S023,2026-03,18143,2166,7.69,True,2026-03,True
S023,2026-04,18442,2188,7.66,True,2026-03,True
S023,2026-05,17962,2128,7.65,True,2026-03,True
S023,2026-06,17656,2119,7.64,True,2026-03,True
S024,2025-01,23808,2984,8.0,False,,False
S024,2025-02,23937,2969,8.0,False,,False
S024,2025-03,24041,2942,8.02,False,,False
S024,2025-04,23560,2894,7.96,False,,False
S024,2025-05,22895,2880,7.93,False,,False
S024,2025-06,23035,2868,7.98,False,,False
S024,2025-07,22776,2839,8.0,False,,False
S024,2025-08,23144,2889,8.07,False,,False
S024,2025-09,23688,2917,8.06,False,,False
S024,2025-10,23938,2942,8.02,False,,False
S024,2025-11,24172,2985,8.05,False,,False
S024,2025-12,24219,2997,8.06,False,,False
S024,2026-01,24470,3016,8.02,False,,False
S024,2026-02,24503,3015,8.01,False,,False
S024,2026-03,24542,2965,8.03,False,,False
S024,2026-04,24000,2940,8.02,False,,False
S024,2026-05,23674,2911,8.06,False,,False
S024,2026-06,23582,2919,8.02,False,,False
S025,2025-01,26783,2885,9.48,False,,False
S025,2025-02,27275,2928,9.58,False,,False
S025,2025-03,27619,2952,9.5,False,,False
S025,2025-04,27748,2978,9.52,False,,False
S025,2025-05,27695,2988,9.52,False,,False
S025,2025-06,27402,2948,9.58,False,,False
S025,2025-07,27366,2932,9.61,False,,False
S025,2025-08,27020,2878,9.57,False,,False
S025,2025-09,26859,2828,9.61,False,,False
S025,2025-10,26845,2838,9.52,False,,False
S025,2025-11,26933,2867,9.6,False,,False
S025,2025-12,27479,2927,9.63,False,,False
S025,2026-01,27975,2953,9.59,False,,False
S025,2026-02,27740,2997,9.62,False,,False
S025,2026-03,28286,3020,9.59,False,,False
S025,2026-04,28928,3044,9.6,False,,False
S025,2026-05,28559,3043,9.66,False,,False
S025,2026-06,28690,3034,9.6,False,,False
S026,2025-01,24305,2973,7.85,True,2026-03,False
S026,2025-02,25003,3017,7.91,True,2026-03,False
S026,2025-03,24774,3055,7.81,True,2026-03,False
S026,2025-04,24948,3004,7.83,True,2026-03,False
S026,2025-05,24986,2997,7.86,True,2026-03,False
S026,2025-06,24670,3000,7.85,True,2026-03,False
S026,2025-07,24526,2925,7.84,True,2026-03,False
S026,2025-08,24477,2923,7.91,True,2026-03,False
S026,2025-09,24435,2933,7.84,True,2026-03,False
S026,2025-10,24495,2933,7.89,True,2026-03,False
S026,2025-11,24705,2996,7.91,True,2026-03,False
S026,2025-12,25115,3031,7.89,True,2026-03,False
S026,2026-01,25563,3054,7.89,True,2026-03,False
S026,2026-02,25993,3097,7.9,True,2026-03,False
S026,2026-03,27920,3291,8.18,True,2026-03,True
S026,2026-04,28170,3300,8.15,True,2026-03,True
S026,2026-05,28023,3249,8.13,True,2026-03,True
S026,2026-06,27935,3229,8.17,True,2026-03,True
S027,2025-01,30987,2578,10.56,True,2026-03,False
S027,2025-02,31228,2593,10.59,True,2026-03,False
S027,2025-03,31192,2589,10.57,True,2026-03,False
S027,2025-04,31311,2569,10.6,True,2026-03,False
S027,2025-05,31027,2562,10.59,True,2026-03,False
S027,2025-06,30590,2502,10.62,True,2026-03,False
S027,2025-07,30688,2515,10.62,True,2026-03,False
S027,2025-08,30484,2496,10.67,True,2026-03,False
S027,2025-09,30599,2539,10.68,True,2026-03,False
S027,2025-10,31166,2547,10.67,True,2026-03,False
S027,2025-11,31804,2600,10.7,True,2026-03,False
S027,2025-12,32741,2638,10.64,True,2026-03,False
S027,2026-01,32357,2666,10.73,True,2026-03,False
S027,2026-02,33212,2661,10.71,True,2026-03,False
S027,2026-03,35907,2798,11.05,True,2026-03,True
S027,2026-04,34820,2818,10.99,True,2026-03,True
S027,2026-05,34879,2789,11.13,True,2026-03,True
S027,2026-06,34369,2751,11.04,True,2026-03,True
S028,2025-01,14591,2102,6.94,False,,False
S028,2025-02,14545,2102,6.89,False,,False
S028,2025-03,14398,2087,6.87,False,,False
S028,2025-04,14314,2075,6.85,False,,False
S028,2025-05,14141,2016,6.84,False,,False
S028,2025-06,13952,2019,6.84,False,,False
S028,2025-07,13923,2006,6.86,False,,False
S028,2025-08,13913,2009,6.81,False,,False
S028,2025-09,13905,2027,6.82,False,,False
S028,2025-10,14077,2036,6.87,False,,False
S028,2025-11,14555,2043,6.81,False,,False
S028,2025-12,14509,2094,6.83,False,,False
S028,2026-01,14537,2079,6.81,False,,False
S028,2026-02,14233,2070,6.83,False,,False
S028,2026-03,14248,2047,6.8,False,,False
S028,2026-04,14125,2028,6.81,False,,False
S028,2026-05,13931,2003,6.85,False,,False
S028,2026-06,13723,1977,6.85,False,,False
S029,2025-01,22838,3969,5.95,False,,False
S029,2025-02,23495,4034,5.93,False,,False
S029,2025-03,23761,3994,5.95,False,,False
S029,2025-04,23575,4032,5.95,False,,False
S029,2025-05,23717,4087,5.99,False,,False
S029,2025-06,23227,4015,5.95,False,,False
S029,2025-07,23377,3985,5.92,False,,False
S029,2025-08,22976,3890,5.95,False,,False
S029,2025-09,22389,3863,5.95,False,,False
S029,2025-10,22321,3866,5.93,False,,False
S029,2025-11,22796,3854,5.94,False,,False
S029,2025-12,22712,3878,5.95,False,,False
S029,2026-01,22946,3921,5.94,False,,False
S029,2026-02,23502,4022,5.92,False,,False
S029,2026-03,23378,4045,5.96,False,,False
S029,2026-04,23590,4069,5.92,False,,False
S029,2026-05,23390,4009,5.94,False,,False
S029,2026-06,23059,3976,5.98,False,,False
S030,2025-01,38102,4082,9.23,False,,False
S030,2025-02,38399,4163,9.26,False,,False
S030,2025-03,38574,4182,9.18,False,,False
S030,2025-04,38428,4155,9.22,False,,False
S030,2025-05,38272,4081,9.21,False,,False
S030,2025-06,37240,3999,9.27,False,,False
S030,2025-07,37485,3979,9.24,False,,False
S030,2025-08,36739,3956,9.25,False,,False
S030,2025-09,36537,3928,9.23,False,,False
S030,2025-10,36521,3944,9.28,False,,False
S030,2025-11,37152,3963,9.18,False,,False
S030,2025-12,37005,4076,9.23,False,,False
S030,2026-01,38084,4057,9.23,False,,False
S030,2026-02,38097,4122,9.19,False,,False
S030,2026-03,38722,4116,9.24,False,,False
S030,2026-04,37934,4075,9.18,False,,False
S030,2026-05,38464,4067,9.24,False,,False
S030,2026-06,37321,4045,9.23,False,,False
S031,2025-01,15979,3285,5.13,False,,False
S031,2025-02,16214,3316,5.17,False,,False
S031,2025-03,16256,3289,5.14,False,,False
S031,2025-04,16054,3252,5.15,False,,False
S031,2025-05,15778,3200,5.15,False,,False
S031,2025-06,15800,3170,5.15,False,,False
S031,2025-07,15615,3132,5.12,False,,False
S031,2025-08,15345,3123,5.13,False,,False
S031,2025-09,15609,3184,5.17,False,,False
S031,2025-10,15803,3181,5.15,False,,False
S031,2025-11,15944,3213,5.14,False,,False
S031,2025-12,16235,3280,5.19,False,,False
S031,2026-01,16409,3270,5.14,False,,False
S031,2026-02,16320,3298,5.1,False,,False
S031,2026-03,16223,3278,5.11,False,,False
S031,2026-04,16118,3250,5.17,False,,False
S031,2026-05,16101,3250,5.18,False,,False
S031,2026-06,16061,3185,5.15,False,,False
S032,2025-01,37448,3317,9.76,True,2026-03,False
S032,2025-02,37197,3348,9.68,True,2026-03,False
S032,2025-03,36922,3301,9.72,True,2026-03,False
S032,2025-04,36158,3288,9.71,True,2026-03,False
S032,2025-05,35700,3218,9.73,True,2026-03,False
S032,2025-06,35271,3200,9.69,True,2026-03,False
S032,2025-07,35477,3209,9.75,True,2026-03,False
S032,2025-08,35436,3243,9.72,True,2026-03,False
S032,2025-09,36017,3246,9.73,True,2026-03,False
S032,2025-10,36246,3277,9.73,True,2026-03,False
S032,2025-11,37472,3350,9.82,True,2026-03,False
S032,2025-12,37611,3356,9.81,True,2026-03,False
S032,2026-01,37470,3353,9.8,True,2026-03,False
S032,2026-02,37012,3388,9.74,True,2026-03,False
S032,2026-03,40172,3502,10.03,True,2026-03,True
S032,2026-04,39484,3461,9.97,True,2026-03,True
S032,2026-05,39490,3450,10.01,True,2026-03,True
S032,2026-06,39031,3415,10.06,True,2026-03,True
S033,2025-01,36754,3695,9.62,True,2026-03,False
S033,2025-02,36546,3753,9.56,True,2026-03,False
S033,2025-03,37734,3782,9.6,True,2026-03,False
S033,2025-04,37479,3760,9.62,True,2026-03,False
S033,2025-05,37149,3801,9.67,True,2026-03,False
S033,2025-06,37060,3758,9.59,True,2026-03,False
S033,2025-07,36656,3698,9.64,True,2026-03,False
S033,2025-08,36393,3671,9.64,True,2026-03,False
S033,2025-09,36622,3656,9.72,True,2026-03,False
S033,2025-10,36032,3643,9.58,True,2026-03,False
S033,2025-11,36782,3636,9.64,True,2026-03,False
S033,2025-12,36342,3653,9.68,True,2026-03,False
S033,2026-01,37314,3772,9.63,True,2026-03,False
S033,2026-02,37021,3794,9.63,True,2026-03,False
S033,2026-03,41010,4051,10.02,True,2026-03,True
S033,2026-04,41353,4015,9.99,True,2026-03,True
S033,2026-05,41975,4056,9.88,True,2026-03,True
S033,2026-06,41051,4048,9.98,True,2026-03,True
S034,2025-01,17318,2705,6.75,False,,False
S034,2025-02,17555,2736,6.8,False,,False
S034,2025-03,17665,2744,6.83,False,,False
S034,2025-04,17708,2743,6.8,False,,False
S034,2025-05,17490,2744,6.79,False,,False
S034,2025-06,17340,2697,6.8,False,,False
S034,2025-07,17343,2698,6.78,False,,False
S034,2025-08,17173,2665,6.77,False,,False
S034,2025-09,17078,2634,6.82,False,,False
S034,2025-10,17433,2664,6.82,False,,False
S034,2025-11,17328,2663,6.82,False,,False
S034,2025-12,17734,2719,6.76,False,,False
S034,2026-01,18135,2750,6.88,False,,False
S034,2026-02,18375,2782,6.83,False,,False
S034,2026-03,18107,2765,6.85,False,,False
S034,2026-04,18149,2824,6.84,False,,False
S034,2026-05,18147,2760,6.88,False,,False
S034,2026-06,18228,2766,6.82,False,,False
S035,2025-01,13553,2433,5.27,True,2026-03,False
S035,2025-02,13315,2437,5.29,True,2026-03,False
S035,2025-03,13568,2440,5.31,True,2026-03,False
S035,2025-04,13465,2438,5.32,True,2026-03,False
S035,2025-05,13352,2397,5.29,True,2026-03,False
S035,2025-06,13249,2385,5.26,True,2026-03,False
S035,2025-07,13199,2334,5.3,True,2026-03,False
S035,2025-08,13301,2372,5.34,True,2026-03,False
S035,2025-09,13309,2365,5.29,True,2026-03,False
S035,2025-10,13407,2388,5.31,True,2026-03,False
S035,2025-11,13519,2418,5.32,True,2026-03,False
S035,2025-12,13821,2482,5.33,True,2026-03,False
S035,2026-01,13943,2487,5.29,True,2026-03,False
S035,2026-02,14184,2512,5.34,True,2026-03,False
S035,2026-03,15339,2599,5.47,True,2026-03,True
S035,2026-04,15056,2613,5.48,True,2026-03,True
S035,2026-05,15260,2593,5.52,True,2026-03,True
S035,2026-06,15062,2566,5.52,True,2026-03,True
S036,2025-01,24758,2985,8.35,False,,False
S036,2025-02,24805,2999,8.36,False,,False
S036,2025-03,25022,2987,8.32,False,,False
S036,2025-04,24822,2965,8.37,False,,False
S036,2025-05,24573,2918,8.33,False,,False
S036,2025-06,24622,2887,8.37,False,,False
S036,2025-07,24377,2978,8.43,False,,False
S036,2025-08,24559,2916,8.43,False,,False
S036,2025-09,25228,2941,8.41,False,,False
S036,2025-10,25070,3024,8.44,False,,False
S036,2025-11,25869,3044,8.39,False,,False
S036,2025-12,26164,3112,8.45,False,,False
S036,2026-01,26065,3125,8.47,False,,False
S036,2026-02,26255,3097,8.43,False,,False
S036,2026-03,26140,3110,8.4,False,,False
S036,2026-04,25877,3054,8.52,False,,False
S036,2026-05,25556,3041,8.52,False,,False
S036,2026-06,25211,2983,8.46,False,,False
S037,2025-01,24799,3016,7.96,False,,False
S037,2025-02,24641,3071,7.98,False,,False
S037,2025-03,24627,3052,7.99,False,,False
S037,2025-04,24486,3084,7.94,False,,False
S037,2025-05,24776,3076,7.98,False,,False
S037,2025-06,24483,3053,7.98,False,,False
S037,2025-07,23708,3014,7.92,False,,False
S037,2025-08,23805,2994,7.98,False,,False
S037,2025-09,23299,2918,7.97,False,,False
S037,2025-10,23632,2926,7.93,False,,False
S037,2025-11,23345,2920,7.95,False,,False
S037,2025-12,23431,2971,7.96,False,,False
S037,2026-01,23698,2963,7.97,False,,False
S037,2026-02,24021,3023,8.01,False,,False
S037,2026-03,24352,3036,7.9,False,,False
S037,2026-04,24022,3066,7.91,False,,False
S037,2026-05,24433,3043,7.9,False,,False
S037,2026-06,24576,2981,7.91,False,,False
S038,2025-01,23530,2622,9.56,False,,False
S038,2025-02,23985,2651,9.46,False,,False
S038,2025-03,23793,2642,9.5,False,,False
S038,2025-04,23797,2651,9.53,False,,False
S038,2025-05,23853,2595,9.48,False,,False
S038,2025-06,23156,2548,9.52,False,,False
S038,2025-07,23002,2539,9.48,False,,False
S038,2025-08,22350,2519,9.52,False,,False
S038,2025-09,22669,2505,9.45,False,,False
S038,2025-10,22490,2495,9.54,False,,False
S038,2025-11,22790,2535,9.51,False,,False
S038,2025-12,23035,2571,9.5,False,,False
S038,2026-01,23165,2575,9.42,False,,False
S038,2026-02,23297,2633,9.5,False,,False
S038,2026-03,23700,2643,9.51,False,,False
S038,2026-04,23626,2594,9.51,False,,False
S038,2026-05,23339,2596,9.51,False,,False
S038,2026-06,22795,2524,9.5,False,,False
S039,2025-01,27730,4181,6.4,False,,False
S039,2025-02,27960,4144,6.3,False,,False
S039,2025-03,27244,4128,6.4,False,,False
S039,2025-04,27155,4069,6.39,False,,False
S039,2025-05,26865,4031,6.37,False,,False
S039,2025-06,26599,3979,6.39,False,,False
S039,2025-07,26599,3996,6.39,False,,False
S039,2025-08,26609,3945,6.42,False,,False
S039,2025-09,26033,3974,6.38,False,,False
S039,2025-10,26564,3995,6.39,False,,False
S039,2025-11,27036,4051,6.41,False,,False
S039,2025-12,27321,4119,6.4,False,,False
S039,2026-01,27542,4095,6.37,False,,False
S039,2026-02,27473,4147,6.37,False,,False
S039,2026-03,27079,4117,6.36,False,,False
S039,2026-04,27269,4108,6.4,False,,False
S039,2026-05,27042,4050,6.32,False,,False
S039,2026-06,26658,4015,6.4,False,,False
S040,2025-01,12156,1373,9.45,False,,False
S040,2025-02,11868,1368,9.36,False,,False
S040,2025-03,11732,1376,9.42,False,,False
S040,2025-04,11795,1335,9.42,False,,False
S040,2025-05,11550,1348,9.39,False,,False
S040,2025-06,11491,1316,9.37,False,,False
S040,2025-07,11709,1309,9.34,False,,False
S040,2025-08,11677,1323,9.39,False,,False
S040,2025-09,11595,1335,9.38,False,,False
S040,2025-10,11827,1362,9.37,False,,False
S040,2025-11,11945,1374,9.4,False,,False
S040,2025-12,12012,1382,9.31,False,,False
S040,2026-01,12181,1381,9.34,False,,False
S040,2026-02,12134,1392,9.42,False,,False
S040,2026-03,12136,1375,9.37,False,,False
S040,2026-04,11839,1361,9.36,False,,False
S040,2026-05,11731,1351,9.42,False,,False
S040,2026-06,11635,1315,9.35,False,,False
S041,2025-01,36606,3579,9.74,False,,False
S041,2025-02,36774,3648,9.67,False,,False
S041,2025-03,37151,3680,9.72,False,,False
S041,2025-04,37523,3672,9.7,False,,False
S041,2025-05,37525,3694,9.73,False,,False
S041,2025-06,37258,3628,9.81,False,,False
S041,2025-07,36510,3597,9.76,False,,False
S041,2025-08,36228,3580,9.73,False,,False
S041,2025-09,36138,3502,9.7,False,,False
S041,2025-10,36141,3562,9.74,False,,False
S041,2025-11,36559,3520,9.73,False,,False
S041,2025-12,36432,3558,9.78,False,,False
S041,2026-01,36573,3582,9.76,False,,False
S041,2026-02,37749,3675,9.77,False,,False
S041,2026-03,37885,3705,9.79,False,,False
S041,2026-04,37512,3706,9.85,False,,False
S041,2026-05,37907,3749,9.76,False,,False
S041,2026-06,37633,3677,9.83,False,,False
S042,2025-01,15876,2062,8.2,False,,False
S042,2025-02,16127,2086,8.23,False,,False
S042,2025-03,15855,2119,8.19,False,,False
S042,2025-04,16179,2110,8.22,False,,False
S042,2025-05,16018,2072,8.22,False,,False
S042,2025-06,15961,2066,8.18,False,,False
S042,2025-07,15736,2020,8.22,False,,False
S042,2025-08,15453,2049,8.25,False,,False
S042,2025-09,15674,2018,8.21,False,,False
S042,2025-10,15425,2044,8.21,False,,False
S042,2025-11,15789,2097,8.25,False,,False
S042,2025-12,16209,2071,8.26,False,,False
S042,2026-01,16365,2130,8.3,False,,False
S042,2026-02,16339,2138,8.28,False,,False
S042,2026-03,16377,2146,8.29,False,,False
S042,2026-04,16427,2153,8.28,False,,False
S042,2026-05,16286,2135,8.29,False,,False
S042,2026-06,16409,2101,8.25,False,,False
S043,2025-01,32847,3676,9.57,False,,False
S043,2025-02,32710,3688,9.57,False,,False
S043,2025-03,32828,3702,9.63,False,,False
S043,2025-04,32900,3709,9.58,False,,False
S043,2025-05,32591,3663,9.55,False,,False
S043,2025-06,32532,3592,9.56,False,,False
S043,2025-07,31933,3547,9.55,False,,False
S043,2025-08,32007,3546,9.54,False,,False
S043,2025-09,32016,3582,9.65,False,,False
S043,2025-10,32467,3640,9.57,False,,False
S043,2025-11,33405,3713,9.68,False,,False
S043,2025-12,33387,3710,9.62,False,,False
S043,2026-01,33691,3775,9.59,False,,False
S043,2026-02,33724,3773,9.65,False,,False
S043,2026-03,34629,3753,9.71,False,,False
S043,2026-04,33988,3820,9.58,False,,False
S043,2026-05,33081,3688,9.67,False,,False
S043,2026-06,33250,3669,9.62,False,,False
S044,2025-01,17560,2173,7.98,False,,False
S044,2025-02,17677,2188,8.01,False,,False
S044,2025-03,17467,2163,8.05,False,,False
S044,2025-04,17296,2144,8.06,False,,False
S044,2025-05,17195,2125,8.08,False,,False
S044,2025-06,16969,2094,8.1,False,,False
S044,2025-07,17147,2122,8.04,False,,False
S044,2025-08,16905,2151,8.08,False,,False
S044,2025-09,17382,2134,8.13,False,,False
S044,2025-10,17517,2179,8.05,False,,False
S044,2025-11,18135,2193,8.09,False,,False
S044,2025-12,18005,2216,8.12,False,,False
S044,2026-01,17941,2212,8.13,False,,False
S044,2026-02,18129,2237,8.1,False,,False
S044,2026-03,18076,2221,8.12,False,,False
S044,2026-04,18068,2218,8.15,False,,False
S044,2026-05,17861,2173,8.12,False,,False
S044,2026-06,17893,2148,8.14,False,,False
S045,2025-01,17181,2071,8.14,False,,False
S045,2025-02,17759,2073,8.11,False,,False
S045,2025-03,17963,2107,8.1,False,,False
S045,2025-04,18056,2112,8.07,False,,False
S045,2025-05,18089,2128,8.15,False,,False
S045,2025-06,17984,2125,8.15,False,,False
S045,2025-07,17631,2056,8.18,False,,False
S045,2025-08,17483,2070,8.15,False,,False
S045,2025-09,17428,2047,8.13,False,,False
S045,2025-10,17503,2047,8.18,False,,False
S045,2025-11,17812,2054,8.15,False,,False
S045,2025-12,17994,2080,8.22,False,,False
S045,2026-01,18204,2112,8.23,False,,False
S045,2026-02,18647,2147,8.23,False,,False
S045,2026-03,18986,2206,8.21,False,,False
S045,2026-04,19003,2182,8.24,False,,False
S045,2026-05,19000,2199,8.23,False,,False
S045,2026-06,18782,2155,8.23,False,,False
S046,2025-01,20593,3030,6.52,False,,False
S046,2025-02,20904,3060,6.49,False,,False
S046,2025-03,20663,3061,6.49,False,,False
S046,2025-04,20819,3073,6.47,False,,False
S046,2025-05,20255,3025,6.5,False,,False
S046,2025-06,20072,2963,6.49,False,,False
S046,2025-07,20065,2944,6.49,False,,False
S046,2025-08,19806,2923,6.47,False,,False
S046,2025-09,19448,2878,6.39,False,,False
S046,2025-10,19601,2910,6.47,False,,False
S046,2025-11,19633,2934,6.47,False,,False
S046,2025-12,20001,2939,6.45,False,,False
S046,2026-01,20029,3001,6.46,False,,False
S046,2026-02,20408,3030,6.48,False,,False
S046,2026-03,20347,3035,6.47,False,,False
S046,2026-04,20589,3009,6.46,False,,False
S046,2026-05,20092,2973,6.47,False,,False
S046,2026-06,19783,2951,6.4,False,,False
S047,2025-01,17764,1861,9.33,False,,False
S047,2025-02,17360,1863,9.32,False,,False
S047,2025-03,17587,1863,9.25,False,,False
S047,2025-04,17259,1843,9.25,False,,False
S047,2025-05,17103,1834,9.25,False,,False
S047,2025-06,16661,1811,9.31,False,,False
S047,2025-07,16783,1772,9.27,False,,False
S047,2025-08,16656,1776,9.32,False,,False
S047,2025-09,16662,1789,9.29,False,,False
S047,2025-10,16558,1780,9.23,False,,False
S047,2025-11,17005,1827,9.23,False,,False
S047,2025-12,17129,1842,9.3,False,,False
S047,2026-01,17329,1858,9.28,False,,False
S047,2026-02,17172,1848,9.26,False,,False
S047,2026-03,17268,1847,9.27,False,,False
S047,2026-04,17296,1838,9.22,False,,False
S047,2026-05,16792,1803,9.26,False,,False
S047,2026-06,16675,1787,9.25,False,,False
S048,2025-01,24950,3925,5.98,False,,False
S048,2025-02,24721,3936,5.91,False,,False
S048,2025-03,24651,3946,5.96,False,,False
S048,2025-04,24076,3873,5.93,False,,False
S048,2025-05,23950,3805,5.97,False,,False
S048,2025-06,23602,3788,5.99,False,,False
S048,2025-07,23700,3813,5.99,False,,False
S048,2025-08,23595,3788,5.94,False,,False
S048,2025-09,23753,3823,5.95,False,,False
S048,2025-10,24294,3904,5.97,False,,False
S048,2025-11,24482,3956,5.91,False,,False
S048,2025-12,25208,3986,5.97,False,,False
S048,2026-01,24857,3987,5.96,False,,False
S048,2026-02,24679,3985,5.92,False,,False
S048,2026-03,24184,3914,5.95,False,,False
S048,2026-04,24326,3880,5.96,False,,False
S048,2026-05,24075,3839,5.97,False,,False
S048,2026-06,23504,3742,5.98,False,,False
S049,2025-01,17515,3368,5.57,False,,False
S049,2025-02,17813,3393,5.55,False,,False
S049,2025-03,17506,3448,5.57,False,,False
S049,2025-04,17709,3462,5.52,False,,False
S049,2025-05,18023,3431,5.56,False,,False
S049,2025-06,17676,3413,5.59,False,,False
S049,2025-07,17452,3423,5.61,False,,False
S049,2025-08,17431,3349,5.57,False,,False
S049,2025-09,17077,3314,5.55,False,,False
S049,2025-10,17021,3294,5.54,False,,False
S049,2025-11,17282,3315,5.61,False,,False
S049,2025-12,17490,3376,5.58,False,,False
S049,2026-01,17558,3359,5.58,False,,False
S049,2026-02,17807,3453,5.6,False,,False
S049,2026-03,17975,3448,5.61,False,,False
S049,2026-04,18091,3463,5.56,False,,False
S049,2026-05,18085,3509,5.57,False,,False
S049,2026-06,18024,3432,5.58,False,,False
S050,2025-01,31111,3019,9.83,False,,False
S050,2025-02,31310,3046,9.81,False,,False
S050,2025-03,32106,3047,9.8,False,,False
S050,2025-04,32167,3107,9.77,False,,False
S050,2025-05,31381,3026,9.74,False,,False
S050,2025-06,30831,2986,9.75,False,,False
S050,2025-07,30885,2988,9.74,False,,False
S050,2025-08,31211,2969,9.84,False,,False
S050,2025-09,30536,2911,9.78,False,,False
S050,2025-10,30667,2975,9.75,False,,False
S050,2025-11,30857,2985,9.79,False,,False
S050,2025-12,31957,3031,9.86,False,,False
S050,2026-01,31814,3063,9.82,False,,False
S050,2026-02,32244,3118,9.75,False,,False
S050,2026-03,31925,3134,9.79,False,,False
S050,2026-04,32079,3074,9.83,False,,False
S050,2026-05,32147,3062,9.87,False,,False
S050,2026-06,31496,3023,9.86,False,,False
S051,2025-01,25820,3234,8.09,False,,False
S051,2025-02,25590,3222,8.08,False,,False
S051,2025-03,25716,3232,8.06,False,,False
S051,2025-04,25852,3176,8.05,False,,False
S051,2025-05,25520,3166,8.1,False,,False
S051,2025-06,25093,3117,8.06,False,,False
S051,2025-07,25090,3106,8.11,False,,False
S051,2025-08,24801,3088,8.1,False,,False
S051,2025-09,25139,3121,8.12,False,,False
S051,2025-10,25517,3132,8.11,False,,False
S051,2025-11,25816,3149,8.12,False,,False
S051,2025-12,26155,3237,8.12,False,,False
S051,2026-01,26636,3283,8.13,False,,False
S051,2026-02,26809,3294,8.1,False,,False
S051,2026-03,26589,3284,8.2,False,,False
S051,2026-04,26376,3258,8.12,False,,False
S051,2026-05,25681,3211,8.1,False,,False
S051,2026-06,25871,3194,8.11,False,,False
S052,2025-01,26970,2904,9.15,False,,False
S052,2025-02,26882,2890,9.06,False,,False
S052,2025-03,26553,2840,9.09,False,,False
S052,2025-04,26181,2841,9.13,False,,False
S052,2025-05,26174,2799,9.12,False,,False
S052,2025-06,25837,2790,9.15,False,,False
S052,2025-07,26164,2773,9.19,False,,False
S052,2025-08,26277,2793,9.09,False,,False
S052,2025-09,26159,2842,9.19,False,,False
S052,2025-10,26880,2886,9.14,False,,False
S052,2025-11,27196,2920,9.16,False,,False
S052,2025-12,27517,2926,9.15,False,,False
S052,2026-01,27607,2961,9.14,False,,False
S052,2026-02,27549,2951,9.2,False,,False
S052,2026-03,27632,2944,9.14,False,,False
S052,2026-04,27574,2885,9.23,False,,False
S052,2026-05,27029,2885,9.15,False,,False
S052,2026-06,26924,2850,9.2,False,,False
S053,2025-01,18932,2322,7.91,False,,False
S053,2025-02,19544,2365,7.92,False,,False
S053,2025-03,19533,2367,7.93,False,,False
S053,2025-04,19295,2407,7.94,False,,False
S053,2025-05,19637,2376,7.98,False,,False
S053,2025-06,19146,2366,8.02,False,,False
S053,2025-07,19073,2375,7.98,False,,False
S053,2025-08,18800,2320,7.96,False,,False
S053,2025-09,18937,2319,8.02,False,,False
S053,2025-10,18698,2301,7.96,False,,False
S053,2025-11,19103,2321,8.0,False,,False
S053,2025-12,19355,2323,8.0,False,,False
S053,2026-01,19576,2367,8.01,False,,False
S053,2026-02,19717,2422,8.03,False,,False
S053,2026-03,19970,2447,8.02,False,,False
S053,2026-04,20298,2441,8.05,False,,False
S053,2026-05,20442,2461,8.05,False,,False
S053,2026-06,20269,2425,8.05,False,,False
S054,2025-01,14660,2176,6.45,False,,False
S054,2025-02,14731,2209,6.48,False,,False
S054,2025-03,14886,2218,6.5,False,,False
S054,2025-04,14817,2204,6.52,False,,False
S054,2025-05,14646,2243,6.5,False,,False
S054,2025-06,14439,2194,6.51,False,,False
S054,2025-07,14548,2161,6.46,False,,False
S054,2025-08,14486,2151,6.53,False,,False
S054,2025-09,14301,2157,6.53,False,,False
S054,2025-10,14814,2177,6.58,False,,False
S054,2025-11,14818,2193,6.57,False,,False
S054,2025-12,15149,2207,6.53,False,,False
S054,2026-01,15337,2269,6.63,False,,False
S054,2026-02,15657,2278,6.56,False,,False
S054,2026-03,15296,2286,6.56,False,,False
S054,2026-04,15716,2293,6.62,False,,False
S054,2026-05,15544,2281,6.61,False,,False
S054,2026-06,15334,2242,6.66,False,,False
S055,2025-01,17477,3398,5.22,False,,False
S055,2025-02,17461,3419,5.16,False,,False
S055,2025-03,17209,3385,5.18,False,,False
S055,2025-04,17430,3431,5.16,False,,False
S055,2025-05,16730,3327,5.21,False,,False
S055,2025-06,16525,3309,5.18,False,,False
S055,2025-07,16654,3293,5.15,False,,False
S055,2025-08,16505,3281,5.13,False,,False
S055,2025-09,16784,3245,5.13,False,,False
S055,2025-10,16769,3316,5.12,False,,False
S055,2025-11,16765,3336,5.19,False,,False
S055,2025-12,16931,3327,5.14,False,,False
S055,2026-01,17219,3389,5.16,False,,False
S055,2026-02,17403,3360,5.17,False,,False
S055,2026-03,17221,3381,5.14,False,,False
S055,2026-04,16737,3346,5.11,False,,False
S055,2026-05,16771,3300,5.1,False,,False
S055,2026-06,16432,3205,5.11,False,,False
S056,2025-01,20401,3029,6.76,False,,False
S056,2025-02,20300,2978,6.71,False,,False
S056,2025-03,20136,3010,6.7,False,,False
S056,2025-04,19562,2937,6.76,False,,False
S056,2025-05,19694,2882,6.73,False,,False
S056,2025-06,19557,2895,6.75,False,,False
S056,2025-07,19366,2854,6.69,False,,False
S056,2025-08,19234,2863,6.7,False,,False
S056,2025-09,19551,2862,6.7,False,,False
S056,2025-10,19716,2936,6.73,False,,False
S056,2025-11,19689,2977,6.73,False,,False
S056,2025-12,20166,3006,6.75,False,,False
S056,2026-01,20270,3020,6.7,False,,False
S056,2026-02,20220,2959,6.71,False,,False
S056,2026-03,20296,2961,6.74,False,,False
S056,2026-04,19627,2912,6.7,False,,False
S056,2026-05,19466,2875,6.73,False,,False
S056,2026-06,19256,2855,6.76,False,,False
S057,2025-01,31592,3348,8.32,True,2026-03,False
S057,2025-02,31930,3382,8.28,True,2026-03,False
S057,2025-03,32118,3469,8.3,True,2026-03,False
S057,2025-04,32691,3453,8.37,True,2026-03,False
S057,2025-05,32045,3444,8.29,True,2026-03,False
S057,2025-06,31837,3448,8.34,True,2026-03,False
S057,2025-07,32274,3370,8.31,True,2026-03,False
S057,2025-08,31405,3348,8.31,True,2026-03,False
S057,2025-09,30868,3272,8.33,True,2026-03,False
S057,2025-10,31061,3291,8.34,True,2026-03,False
S057,2025-11,31047,3334,8.3,True,2026-03,False
S057,2025-12,31552,3320,8.35,True,2026-03,False
S057,2026-01,31698,3400,8.3,True,2026-03,False
S057,2026-02,31467,3383,8.31,True,2026-03,False
S057,2026-03,34944,3594,8.51,True,2026-03,True
S057,2026-04,35284,3613,8.51,True,2026-03,True
S057,2026-05,35023,3642,8.54,True,2026-03,True
S057,2026-06,34496,3617,8.49,True,2026-03,True
S058,2025-01,34684,3848,9.6,False,,False
S058,2025-02,35520,3899,9.63,False,,False
S058,2025-03,35343,3846,9.55,False,,False
S058,2025-04,35556,3844,9.56,False,,False
S058,2025-05,35381,3775,9.6,False,,False
S058,2025-06,34625,3761,9.58,False,,False
S058,2025-07,34333,3768,9.56,False,,False
S058,2025-08,33629,3682,9.55,False,,False
S058,2025-09,33809,3703,9.55,False,,False
S058,2025-10,34565,3667,9.54,False,,False
S058,2025-11,34578,3715,9.63,False,,False
S058,2025-12,34760,3807,9.59,False,,False
S058,2026-01,36090,3845,9.61,False,,False
S058,2026-02,36003,3846,9.59,False,,False
S058,2026-03,35527,3893,9.57,False,,False
S058,2026-04,36352,3816,9.55,False,,False
S058,2026-05,35581,3852,9.58,False,,False
S058,2026-06,35432,3831,9.59,False,,False
S059,2025-01,29243,2991,9.15,False,,False
S059,2025-02,29485,3018,9.13,False,,False
S059,2025-03,29714,2997,9.15,False,,False
S059,2025-04,29119,2963,9.18,False,,False
S059,2025-05,28903,2952,9.12,False,,False
S059,2025-06,28788,2899,9.16,False,,False
S059,2025-07,28360,2867,9.13,False,,False
S059,2025-08,28238,2859,9.11,False,,False
S059,2025-09,28257,2916,9.2,False,,False
S059,2025-10,28568,2909,9.16,False,,False
S059,2025-11,29309,2942,9.19,False,,False
S059,2025-12,29536,2990,9.14,False,,False
S059,2026-01,29643,3019,9.2,False,,False
S059,2026-02,29315,3053,9.19,False,,False
S059,2026-03,29884,3049,9.22,False,,False
S059,2026-04,29410,2990,9.09,False,,False
S059,2026-05,29546,3001,9.17,False,,False
S059,2026-06,28314,2928,9.16,False,,False
S060,2025-01,11598,1277,8.66,False,,False
S060,2025-02,11482,1273,8.59,False,,False
S060,2025-03,11418,1274,8.66,False,,False
S060,2025-04,11190,1249,8.62,False,,False
S060,2025-05,11147,1231,8.62,False,,False
S060,2025-06,11112,1224,8.64,False,,False
S060,2025-07,11071,1220,8.68,False,,False
S060,2025-08,11103,1223,8.64,False,,False
S060,2025-09,11359,1252,8.73,False,,False
S060,2025-10,11461,1258,8.69,False,,False
S060,2025-11,11627,1277,8.62,False,,False
S060,2025-12,11823,1298,8.66,False,,False
S060,2026-01,11737,1307,8.65,False,,False
S060,2026-02,11732,1290,8.69,False,,False
S060,2026-03,11787,1276,8.66,False,,False
S060,2026-04,11633,1278,8.72,False,,False
S060,2026-05,11358,1265,8.73,False,,False
S060,2026-06,11303,1255,8.78,False,,False
S061,2025-01,16348,2552,6.72,False,,False
S061,2025-02,16207,2563,6.67,False,,False
S061,2025-03,16794,2596,6.71,False,,False
S061,2025-04,16859,2612,6.69,False,,False
S061,2025-05,16639,2608,6.68,False,,False
S061,2025-06,16755,2598,6.72,False,,False
S061,2025-07,16406,2567,6.73,False,,False
S061,2025-08,16157,2512,6.72,False,,False
S061,2025-09,16480,2538,6.71,False,,False
S061,2025-10,16325,2535,6.73,False,,False
S061,2025-11,16319,2564,6.75,False,,False
S061,2025-12,16537,2563,6.77,False,,False
S061,2026-01,16880,2606,6.76,False,,False
S061,2026-02,17001,2643,6.76,False,,False
S061,2026-03,17318,2639,6.75,False,,False
S061,2026-04,17359,2666,6.73,False,,False
S061,2026-05,17343,2647,6.71,False,,False
S061,2026-06,17305,2653,6.77,False,,False
S062,2025-01,18365,1989,8.88,False,,False
S062,2025-02,18538,2013,8.93,False,,False
S062,2025-03,18253,2037,8.92,False,,False
S062,2025-04,18803,2038,8.88,False,,False
S062,2025-05,18640,2012,8.92,False,,False
S062,2025-06,18693,1994,8.95,False,,False
S062,2025-07,18236,1960,8.89,False,,False
S062,2025-08,18282,1948,8.95,False,,False
S062,2025-09,18021,1950,8.98,False,,False
S062,2025-10,17855,1947,8.95,False,,False
S062,2025-11,18635,1991,8.97,False,,False
S062,2025-12,18676,2025,9.06,False,,False
S062,2026-01,19167,2044,9.0,False,,False
S062,2026-02,19346,2067,9.05,False,,False
S062,2026-03,19395,2083,8.97,False,,False
S062,2026-04,19159,2086,9.04,False,,False
S062,2026-05,19147,2061,9.01,False,,False
S062,2026-06,18870,2029,9.04,False,,False
S063,2025-01,24108,2906,7.66,True,2026-03,False
S063,2025-02,24256,2935,7.72,True,2026-03,False
S063,2025-03,24337,2964,7.69,True,2026-03,False
S063,2025-04,23988,2959,7.69,True,2026-03,False
S063,2025-05,23746,2904,7.77,True,2026-03,False
S063,2025-06,23765,2920,7.75,True,2026-03,False
S063,2025-07,23968,2816,7.68,True,2026-03,False
S063,2025-08,23847,2856,7.79,True,2026-03,False
S063,2025-09,24241,2873,7.76,True,2026-03,False
S063,2025-10,24277,2917,7.8,True,2026-03,False
S063,2025-11,24448,2999,7.79,True,2026-03,False
S063,2025-12,25054,3008,7.82,True,2026-03,False
S063,2026-01,25211,3035,7.75,True,2026-03,False
S063,2026-02,25432,3028,7.82,True,2026-03,False
S063,2026-03,27934,3206,7.97,True,2026-03,True
S063,2026-04,27828,3180,7.99,True,2026-03,True
S063,2026-05,27012,3177,8.0,True,2026-03,True
S063,2026-06,27172,3128,8.02,True,2026-03,True
S064,2025-01,20917,2944,6.88,False,,False
S064,2025-02,20576,2915,6.81,False,,False
S064,2025-03,20409,2894,6.85,False,,False
S064,2025-04,20158,2874,6.87,False,,False
S064,2025-05,19723,2807,6.87,False,,False
S064,2025-06,19708,2774,6.87,False,,False
S064,2025-07,19425,2775,6.84,False,,False
S064,2025-08,19497,2804,6.82,False,,False
S064,2025-09,19919,2818,6.84,False,,False
S064,2025-10,20151,2854,6.85,False,,False
S064,2025-11,19955,2885,6.85,False,,False
S064,2025-12,20234,2893,6.81,False,,False
S064,2026-01,20417,2912,6.79,False,,False
S064,2026-02,19981,2904,6.81,False,,False
S064,2026-03,20150,2890,6.82,False,,False
S064,2026-04,19871,2796,6.87,False,,False
S064,2026-05,19621,2753,6.84,False,,False
S064,2026-06,19400,2780,6.81,False,,False
S065,2025-01,17565,2308,7.01,True,2026-03,False
S065,2025-02,17965,2347,7.03,True,2026-03,False
S065,2025-03,17944,2338,7.0,True,2026-03,False
S065,2025-04,18270,2370,6.99,True,2026-03,False
S065,2025-05,18042,2355,7.01,True,2026-03,False
S065,2025-06,17707,2333,7.02,True,2026-03,False
S065,2025-07,18028,2316,7.04,True,2026-03,False
S065,2025-08,17514,2286,7.02,True,2026-03,False
S065,2025-09,17201,2244,6.97,True,2026-03,False
S065,2025-10,17302,2222,7.02,True,2026-03,False
S065,2025-11,17247,2234,7.01,True,2026-03,False
S065,2025-12,17465,2278,7.0,True,2026-03,False
S065,2026-01,17503,2303,7.0,True,2026-03,False
S065,2026-02,17712,2347,7.0,True,2026-03,False
S065,2026-03,19314,2480,7.16,True,2026-03,True
S065,2026-04,19396,2462,7.24,True,2026-03,True
S065,2026-05,19308,2461,7.22,True,2026-03,True
S065,2026-06,19340,2430,7.14,True,2026-03,True
S066,2025-01,21160,3038,7.41,False,,False
S066,2025-02,21561,3051,7.37,False,,False
S066,2025-03,21537,3089,7.4,False,,False
S066,2025-04,21341,3088,7.33,False,,False
S066,2025-05,21165,3042,7.38,False,,False
S066,2025-06,20617,2982,7.35,False,,False
S066,2025-07,21027,2974,7.42,False,,False
S066,2025-08,20243,2942,7.37,False,,False
S066,2025-09,20333,2915,7.39,False,,False
S066,2025-10,20412,2971,7.34,False,,False
S066,2025-11,20593,2954,7.39,False,,False
S066,2025-12,21166,2961,7.34,False,,False
S066,2026-01,21307,3053,7.36,False,,False
S066,2026-02,21486,3019,7.36,False,,False
S066,2026-03,21560,3084,7.37,False,,False
S066,2026-04,21600,3068,7.37,False,,False
S066,2026-05,21367,3057,7.32,False,,False
S066,2026-06,20758,2967,7.36,False,,False
S067,2025-01,30287,3209,9.46,False,,False
S067,2025-02,30512,3213,9.5,False,,False
S067,2025-03,30182,3212,9.54,False,,False
S067,2025-04,29686,3179,9.47,False,,False
S067,2025-05,29327,3145,9.46,False,,False
S067,2025-06,29362,3122,9.54,False,,False
S067,2025-07,29142,3077,9.46,False,,False
S067,2025-08,28912,3058,9.49,False,,False
S067,2025-09,28662,3085,9.48,False,,False
S067,2025-10,29073,3047,9.46,False,,False
S067,2025-11,29539,3127,9.58,False,,False
S067,2025-12,29812,3223,9.44,False,,False
S067,2026-01,30474,3184,9.39,False,,False
S067,2026-02,30505,3169,9.53,False,,False
S067,2026-03,29970,3197,9.48,False,,False
S067,2026-04,30052,3167,9.52,False,,False
S067,2026-05,29585,3105,9.51,False,,False
S067,2026-06,29400,3103,9.47,False,,False
S068,2025-01,29173,3069,9.13,False,,False
S068,2025-02,28758,3043,9.23,False,,False
S068,2025-03,29258,3004,9.21,False,,False
S068,2025-04,28566,2965,9.18,False,,False
S068,2025-05,28268,2943,9.2,False,,False
S068,2025-06,27964,2949,9.22,False,,False
S068,2025-07,28522,2922,9.15,False,,False
S068,2025-08,28171,2918,9.19,False,,False
S068,2025-09,28034,2952,9.26,False,,False
S068,2025-10,28699,2990,9.28,False,,False
S068,2025-11,29408,3018,9.24,False,,False
S068,2025-12,29199,3083,9.24,False,,False
S068,2026-01,29337,3077,9.24,False,,False
S068,2026-02,29454,3047,9.25,False,,False
S068,2026-03,29653,3042,9.25,False,,False
S068,2026-04,29449,2998,9.26,False,,False
S068,2026-05,28512,2968,9.26,False,,False
S068,2026-06,28202,2907,9.22,False,,False
S069,2025-01,35563,3858,9.33,False,,False
S069,2025-02,35902,3928,9.24,False,,False
S069,2025-03,36230,3996,9.39,False,,False
S069,2025-04,36280,3988,9.3,False,,False
S069,2025-05,35742,4009,9.37,False,,False
S069,2025-06,35949,3960,9.4,False,,False
S069,2025-07,35847,3902,9.32,False,,False
S069,2025-08,35688,3832,9.31,False,,False
S069,2025-09,34702,3824,9.36,False,,False
S069,2025-10,35024,3860,9.32,False,,False
S069,2025-11,35315,3851,9.31,False,,False
S069,2025-12,35247,3865,9.41,False,,False
S069,2026-01,35910,3927,9.41,False,,False
S069,2026-02,36711,3987,9.38,False,,False
S069,2026-03,37578,4043,9.4,False,,False
S069,2026-04,37447,4070,9.4,False,,False
S069,2026-05,36809,4020,9.4,False,,False
S069,2026-06,36789,4020,9.35,False,,False
S070,2025-01,16655,2308,7.04,False,,False
S070,2025-02,16653,2301,7.0,False,,False
S070,2025-03,16801,2329,7.03,False,,False
S070,2025-04,16735,2345,7.04,False,,False
S070,2025-05,16637,2293,7.03,False,,False
S070,2025-06,16346,2275,7.01,False,,False
S070,2025-07,16071,2247,7.0,False,,False
S070,2025-08,16544,2224,7.04,False,,False
S070,2025-09,16344,2236,6.98,False,,False
S070,2025-10,16389,2266,7.04,False,,False
S070,2025-11,16486,2265,7.08,False,,False
S070,2025-12,16789,2285,7.03,False,,False
S070,2026-01,17103,2353,7.03,False,,False
S070,2026-02,17273,2367,7.04,False,,False
S070,2026-03,17758,2379,7.03,False,,False
S070,2026-04,17288,2373,7.05,False,,False
S070,2026-05,17031,2345,7.08,False,,False
S070,2026-06,16939,2350,7.13,False,,False
S071,2025-01,22746,2803,8.27,False,,False
S071,2025-02,22975,2831,8.33,False,,False
S071,2025-03,22893,2797,8.29,False,,False
S071,2025-04,22361,2789,8.25,False,,False
S071,2025-05,22618,2784,8.31,False,,False
S071,2025-06,22557,2749,8.34,False,,False
S071,2025-07,22322,2705,8.31,False,,False
S071,2025-08,22389,2703,8.36,False,,False
S071,2025-09,22028,2700,8.36,False,,False
S071,2025-10,22435,2746,8.39,False,,False
S071,2025-11,22963,2796,8.32,False,,False
S071,2025-12,23603,2843,8.29,False,,False
S071,2026-01,24031,2901,8.3,False,,False
S071,2026-02,23722,2896,8.3,False,,False
S071,2026-03,23554,2905,8.33,False,,False
S071,2026-04,23580,2883,8.32,False,,False
S071,2026-05,23040,2845,8.34,False,,False
S071,2026-06,23261,2815,8.4,False,,False
S072,2025-01,25271,2768,9.43,False,,False
S072,2025-02,25389,2773,9.52,False,,False
S072,2025-03,25198,2753,9.42,False,,False
S072,2025-04,25232,2746,9.53,False,,False
S072,2025-05,25017,2711,9.53,False,,False
S072,2025-06,24973,2700,9.51,False,,False
S072,2025-07,24697,2694,9.52,False,,False
S072,2025-08,25077,2699,9.54,False,,False
S072,2025-09,25217,2724,9.54,False,,False
S072,2025-10,25944,2769,9.53,False,,False
S072,2025-11,26617,2816,9.49,False,,False
S072,2025-12,26735,2837,9.58,False,,False
S072,2026-01,26784,2889,9.57,False,,False
S072,2026-02,26883,2840,9.65,False,,False
S072,2026-03,26873,2845,9.58,False,,False
S072,2026-04,26734,2817,9.53,False,,False
S072,2026-05,26400,2801,9.62,False,,False
S072,2026-06,26272,2769,9.54,False,,False
S073,2025-01,32814,3253,9.95,False,,False
S073,2025-02,33539,3293,10.03,False,,False
S073,2025-03,33509,3302,10.0,False,,False
S073,2025-04,34005,3353,9.99,False,,False
S073,2025-05,33333,3301,10.02,False,,False
S073,2025-06,33161,3236,9.99,False,,False
S073,2025-07,32905,3241,9.99,False,,False
S073,2025-08,32229,3202,9.9,False,,False
S073,2025-09,32292,3112,9.94,False,,False
S073,2025-10,31465,3143,9.99,False,,False
S073,2025-11,32078,3112,9.94,False,,False
S073,2025-12,32501,3212,9.96,False,,False
S073,2026-01,32363,3229,9.97,False,,False
S073,2026-02,32735,3244,9.85,False,,False
S073,2026-03,33324,3259,9.91,False,,False
S073,2026-04,32638,3269,9.89,False,,False
S073,2026-05,32890,3235,9.87,False,,False
S073,2026-06,32258,3241,9.9,False,,False
S074,2025-01,36744,3527,10.16,False,,False
S074,2025-02,37050,3588,10.26,False,,False
S074,2025-03,37093,3608,10.19,False,,False
S074,2025-04,36635,3584,10.26,False,,False
S074,2025-05,36458,3576,10.22,False,,False
S074,2025-06,36128,3497,10.21,False,,False
S074,2025-07,35370,3453,10.23,False,,False
S074,2025-08,35385,3424,10.23,False,,False
S074,2025-09,35397,3401,10.23,False,,False
S074,2025-10,35062,3441,10.2,False,,False
S074,2025-11,35617,3446,10.22,False,,False
S074,2025-12,36167,3494,10.21,False,,False
S074,2026-01,36627,3514,10.16,False,,False
S074,2026-02,36639,3562,10.23,False,,False
S074,2026-03,36816,3577,10.17,False,,False
S074,2026-04,36452,3583,10.17,False,,False
S074,2026-05,36342,3495,10.2,False,,False
S074,2026-06,35860,3515,10.14,False,,False
S075,2025-01,11687,2823,4.31,False,,False
S075,2025-02,11743,2832,4.34,False,,False
S075,2025-03,11838,2829,4.32,False,,False
S075,2025-04,11377,2795,4.3,False,,False
S075,2025-05,11394,2761,4.31,False,,False
S075,2025-06,11240,2726,4.29,False,,False
S075,2025-07,11002,2685,4.31,False,,False
S075,2025-08,11171,2703,4.32,False,,False
S075,2025-09,11093,2706,4.32,False,,False
S075,2025-10,11255,2715,4.34,False,,False
S075,2025-11,11396,2736,4.32,False,,False
S075,2025-12,11539,2795,4.33,False,,False
S075,2026-01,11578,2827,4.31,False,,False
S075,2026-02,11517,2815,4.28,False,,False
S075,2026-03,11558,2814,4.3,False,,False
S075,2026-04,11489,2773,4.33,False,,False
S075,2026-05,11417,2780,4.34,False,,False
S075,2026-06,11332,2733,4.3,False,,False
