store_id,city,neighborhood_type,store_age_months,monthly_revenue_usd,monthly_customer_visits,avg_ticket_usd,staff_fte,annual_staff_turnover_pct,manager_tenure_years,competitors_within_half_mile,foot_traffic_score,has_drive_through,renovated_last_6mo,monthly_marketing_spend_usd,avg_wait_time_minutes,customer_nps,wifi_quality_score
S001,Lakeside,Suburban,102,24397,2878,8.14,2,24.1,3.2,1,5.8,True,False,2126,7.9,33,4
S002,Lakeside,Shopping Mall,6,17152,2461,6.77,2,50.9,2.2,3,6.3,False,False,200,6.0,27,1
S003,Metro City,Transit Hub,24,31647,3296,9.42,3,29.5,0.3,2,6.7,True,True,431,5.8,18,4
S004,Riverside,University,7,21915,3643,5.76,4,33.0,6.3,7,7.6,False,False,200,8.2,47,5
S005,Metro City,Downtown,58,27587,2832,9.91,2,31.4,3.9,6,8.1,False,False,1233,5.1,28,3
S006,Lakeside,Downtown,49,37668,3844,9.19,4,5.0,0.2,2,9.0,False,True,1157,7.4,-2,4
S007,Northgate,Downtown,95,31865,3396,9.85,4,13.6,2.6,1,7.8,False,False,1846,5.7,41,1
S008,Riverside,Transit Hub,37,32728,3141,10.13,3,10.5,3.7,2,6.8,False,False,639,6.1,22,1
S009,Metro City,University,75,16252,3244,5.21,4,66.5,1.2,4,6.4,False,False,1575,3.7,18,4
S010,Riverside,University,37,19387,3367,5.71,3,46.8,0.2,1,4.6,True,False,367,4.8,11,4
S011,Riverside,Downtown,73,33657,3549,9.11,3,27.7,0.2,4,7.4,False,False,1170,3.4,40,4
S012,Lakeside,Shopping Mall,60,22969,2851,8.47,3,26.4,0.3,1,5.8,True,False,959,5.4,21,1
S013,Northgate,Transit Hub,80,23861,2811,8.45,3,28.3,4.6,4,5.7,False,False,1433,6.1,46,4
S014,Eastport,Downtown,61,28215,3270,8.91,3,23.4,6.0,11,7.2,False,False,1199,3.8,56,4
S015,Riverside,Downtown,22,38678,4039,9.04,4,24.2,0.3,2,8.5,True,True,355,8.6,1,4
S016,Metro City,Downtown,43,27927,2983,9.39,3,34.7,0.7,5,6.5,False,False,592,5.9,23,2
S017,Lakeside,Suburban,29,14996,2130,7.17,2,52.4,0.5,2,4.0,True,False,716,5.6,5,3
S018,Lakeside,University,74,23765,3927,5.51,4,41.1,0.5,4,7.6,False,True,1284,6.7,5,5
S019,Northgate,Suburban,103,22042,2788,7.93,2,18.7,4.5,2,5.6,False,False,1874,4.3,50,3
S020,Lakeside,Suburban,75,31009,3983,7.71,4,18.1,1.0,2,8.1,False,False,1460,5.7,9,1
S021,Riverside,University,91,19634,2953,6.47,3,45.2,0.9,7,5.2,False,False,1645,4.4,23,4
S022,Northgate,Downtown,16,30485,3275,9.24,4,21.3,0.6,8,7.9,False,False,296,7.8,9,3
S023,Riverside,Suburban,117,17656,2119,7.64,2,50.4,2.3,0,5.3,False,True,2312,3.9,29,2
S024,Metro City,Suburban,21,23582,2919,8.02,2,39.5,1.2,1,5.1,True,False,408,5.6,6,4
S025,Metro City,Suburban,102,28690,3034,9.6,4,31.9,3.4,2,5.9,True,False,2008,6.0,27,1
S026,Metro City,Transit Hub,78,27935,3229,8.17,3,40.7,0.6,5,7.0,False,True,1512,6.1,10,3
S027,Northgate,Downtown,64,34369,2751,11.04,3,17.4,3.9,1,5.3,False,True,1555,4.6,41,3
S028,Riverside,Suburban,75,13723,1977,6.85,2,55.1,2.3,0,4.2,False,False,1431,4.2,33,3
S029,Riverside,University,85,23059,3976,5.98,5,46.4,0.3,4,7.9,False,False,1657,4.6,23,5
S030,Eastport,Downtown,98,37321,4045,9.23,5,9.6,1.3,3,8.4,False,False,1984,6.3,14,2
S031,Metro City,University,8,16061,3185,5.15,2,37.0,5.0,4,6.1,False,False,200,5.3,48,4
S032,Riverside,Downtown,25,39031,3415,10.06,3,5.0,6.4,7,7.7,False,True,322,6.7,34,3
S033,Lakeside,Downtown,64,41051,4048,9.98,3,8.0,1.6,7,10.0,False,True,1057,6.2,7,1
S034,Metro City,Shopping Mall,41,18228,2766,6.82,2,51.3,1.6,3,5.8,False,False,645,2.1,17,1
S035,Metro City,Shopping Mall,24,15062,2566,5.52,2,35.1,6.3,3,5.8,False,True,241,5.9,45,2
S036,Metro City,Transit Hub,95,25211,2983,8.46,3,39.8,2.2,3,7.2,False,False,1773,8.9,9,1
S037,Metro City,Suburban,72,24576,2981,7.91,2,34.5,0.2,1,5.6,True,False,1170,7.5,16,2
S038,Eastport,Downtown,24,22795,2524,9.5,2,28.6,6.1,4,6.9,False,False,470,6.1,42,3
S039,Lakeside,University,25,26658,4015,6.4,4,33.6,0.7,4,7.1,False,False,418,3.9,27,5
S040,Northgate,Suburban,101,11635,1315,9.35,2,46.8,2.2,1,3.1,False,False,1809,6.2,31,2
S041,Lakeside,Downtown,76,37633,3677,9.83,4,14.5,0.5,4,7.5,False,False,1479,6.6,9,3
S042,Lakeside,Suburban,57,16409,2101,8.25,3,53.0,0.2,0,5.1,False,False,917,5.1,20,1
S043,Metro City,Downtown,110,33250,3669,9.62,4,20.5,0.9,4,7.0,True,False,2107,6.0,26,2
S044,Eastport,Shopping Mall,38,17893,2148,8.14,2,29.8,3.8,2,5.3,False,False,997,7.8,18,2
S045,Northgate,Suburban,45,18782,2155,8.23,2,57.2,0.8,1,4.4,False,False,878,4.2,24,3
S046,Lakeside,University,44,19783,2951,6.4,3,44.7,0.6,4,5.7,False,False,635,3.9,19,4
S047,Eastport,Suburban,87,16675,1787,9.25,2,43.7,0.6,2,2.7,True,False,1442,6.5,6,2
S048,Riverside,University,109,23504,3742,5.98,4,46.2,1.8,0,6.2,True,False,1912,6.2,10,4
S049,Metro City,University,6,18024,3432,5.58,3,29.6,9.3,2,7.6,False,False,200,7.0,52,4
S050,Metro City,Downtown,16,31496,3023,9.86,4,14.0,1.5,2,6.9,False,False,200,6.4,21,4
S051,Riverside,Shopping Mall,97,25871,3194,8.11,3,23.2,2.0,1,6.4,True,False,1776,4.6,17,3
S052,Lakeside,Transit Hub,62,26924,2850,9.2,3,19.9,4.9,2,5.9,False,False,1071,6.1,36,1
S053,Lakeside,Shopping Mall,94,20269,2425,8.05,2,42.1,1.9,2,4.5,True,False,1729,3.8,38,1
S054,Metro City,Shopping Mall,55,15334,2242,6.66,2,56.1,0.5,0,5.0,False,False,1227,5.1,23,1
S055,Riverside,University,28,16432,3205,5.11,2,55.6,0.9,3,5.5,False,False,456,6.3,13,5
S056,Riverside,Shopping Mall,36,19256,2855,6.76,3,48.0,0.9,2,4.6,True,False,410,5.0,35,2
S057,Metro City,Downtown,99,34496,3617,8.49,5,31.6,1.3,1,7.6,False,True,1702,9.2,25,2
S058,Metro City,Downtown,47,35432,3831,9.59,3,17.0,1.4,3,9.0,False,False,1000,2.7,33,1
S059,Riverside,Downtown,104,28314,2928,9.16,4,16.1,4.0,3,6.5,False,False,2007,4.7,20,1
S060,Eastport,Suburban,12,11303,1255,8.78,2,56.9,1.1,1,3.3,False,False,319,4.1,33,1
S061,Riverside,Suburban,21,17305,2653,6.77,2,45.2,1.6,2,5.7,True,False,253,4.4,10,2
S062,Riverside,Suburban,95,18870,2029,9.04,2,22.8,2.5,0,3.6,True,False,1860,4.5,44,1
S063,Lakeside,Transit Hub,117,27172,3128,8.02,3,29.7,1.2,4,5.8,False,True,2301,3.5,38,1
S064,Riverside,Suburban,65,19400,2780,6.81,3,37.2,4.5,4,5.5,True,False,1030,6.6,50,4
S065,Eastport,Suburban,118,19340,2430,7.14,2,40.2,2.2,2,4.8,True,True,2115,4.7,32,4
S066,Eastport,University,7,20758,2967,7.36,3,37.2,0.9,2,5.8,False,False,530,5.7,17,4
S067,Metro City,Downtown,6,29400,3103,9.47,3,28.2,3.1,4,7.3,False,False,200,4.8,31,3
S068,Riverside,Transit Hub,53,28202,2907,9.22,3,20.4,1.9,4,6.6,False,False,612,4.5,25,1
S069,Riverside,Downtown,17,36789,4020,9.35,4,17.5,1.9,6,9.1,False,False,582,8.0,25,4
S070,Metro City,Shopping Mall,74,16939,2350,7.13,2,37.0,1.6,2,5.1,False,False,1559,6.9,25,3
S071,Metro City,Transit Hub,42,23261,2815,8.4,2,54.9,1.7,4,6.1,False,False,664,2.7,35,3
S072,Northgate,Downtown,37,26272,2769,9.54,3,24.3,3.6,1,6.7,False,False,643,2.5,40,1
S073,Riverside,Downtown,14,32258,3241,9.9,2,21.8,0.3,5,6.8,False,False,200,7.1,32,4
S074,Metro City,Transit Hub,110,35860,3515,10.14,3,24.4,1.0,5,7.6,False,False,1997,4.7,31,4
S075,Metro City,University,104,11332,2733,4.3,2,56.2,0.2,3,4.5,False,False,2105,3.0,12,5
